{
  "controller/View1-dbg.controller.js": 1600170680596,
  "model/models.js": 1600170680596,
  "manifest.json": 1600173533364,
  "controller/View1.controller.js": 1600170680596,
  "Component.js": 1600170680596,
  "manifest-bundle.zip": 1600173533131,
  "Component-preload.js": 1600173533335,
  "i18n/i18n.properties": 1600170680596,
  "model/models-dbg.js": 1600170680596,
  "Component-dbg.js": 1600170680596,
  "resources.json": 1600173533367,
  "view/View1.view.xml": 1600170680600,
  "css/style.css": 1600170680596,
  "index.html": 1600170680596
}